
INSERT INTO categories (category_id, name, description) VALUES
(1, 'Electronics',   'Phones, laptops, tablets, and gadgets'),
(2, 'Accessories',   'Keyboards, mice, chargers, and cables'),
(3, 'Furniture',     'Desks, chairs, and office furniture'),
(4, 'Clothing',      'Shirts, jeans, and ethnic wear'),
(5, 'Books',         'Academic, fiction, and self-help books'),
(6, 'Home & Kitchen','Cookware, appliances, and decor');

-- Products (20 rows)
INSERT INTO products (product_id, name, category_id, price, stock) VALUES
(1,  'Laptop Pro 15',       1, 75000, 30),
(2,  'Smartphone X12',      1, 22000, 80),
(3,  'Tablet Air',          1, 35000, 50),
(4,  'Smart TV 43"',        1, 32000, 25),
(5,  'Wireless Earbuds',    1,  4500, 150),
(6,  'Mechanical Keyboard', 2,  3500, 200),
(7,  'Wireless Mouse',      2,  1200, 300),
(8,  'USB-C Hub',           2,  1800, 180),
(9,  'Monitor 27"',         1, 18000, 40),
(10, 'Webcam HD',           1,  4500, 60),
(11, 'Office Desk',         3, 12000, 20),
(12, 'Ergonomic Chair',     3,  8500, 35),
(13, 'Bookshelf',           3,  4200, 45),
(14, 'Men Formal Shirt',    4,   899, 500),
(15, 'Women Kurti',         4,   749, 600),
(16, 'Jeans Slim Fit',      4,  1299, 400),
(17, 'Data Science Book',   5,   599, 120),
(18, 'Python Programming',  5,   499, 90),
(19, 'Air Fryer 4L',        6,  5999, 70),
(20, 'Pressure Cooker 5L',  6,  2499, 100);

-- Customers (20 rows)
INSERT INTO customers (customer_id, name, email, city, state, joined_date) VALUES
(1,  'Aarav Shah',       'aarav.shah@gmail.com',       'Mumbai',     'Maharashtra',   '2023-01-15'),
(2,  'Priya Mehta',      'priya.mehta@gmail.com',      'Delhi',      'Delhi',         '2023-02-20'),
(3,  'Ravi Kumar',       'ravi.kumar@yahoo.com',       'Bangalore',  'Karnataka',     '2023-03-05'),
(4,  'Sneha Joshi',      'sneha.joshi@gmail.com',      'Pune',       'Maharashtra',   '2023-03-18'),
(5,  'Vikram Singh',     'vikram.singh@outlook.com',   'Chennai',    'Tamil Nadu',    '2023-04-10'),
(6,  'Neha Patel',       'neha.patel@gmail.com',       'Mumbai',     'Maharashtra',   '2023-04-22'),
(7,  'Amit Rao',         'amit.rao@gmail.com',         'Hyderabad',  'Telangana',     '2023-05-08'),
(8,  'Divya Nair',       'divya.nair@gmail.com',       'Kochi',      'Kerala',        '2023-05-19'),
(9,  'Karan Gupta',      'karan.gupta@rediffmail.com', 'Jaipur',     'Rajasthan',     '2023-06-02'),
(10, 'Pooja Das',        'pooja.das@gmail.com',        'Kolkata',    'West Bengal',   '2023-06-14'),
(11, 'Arjun Verma',      'arjun.verma@gmail.com',      'Lucknow',    'Uttar Pradesh', '2023-07-01'),
(12, 'Isha Sharma',      'isha.sharma@gmail.com',      'Indore',     'Madhya Pradesh','2023-07-20'),
(13, 'Rohit Desai',      'rohit.desai@gmail.com',      'Surat',      'Gujarat',       '2023-08-05'),
(14, 'Ananya Reddy',     'ananya.reddy@gmail.com',     'Bangalore',  'Karnataka',     '2023-08-18'),
(15, 'Suresh Iyer',      'suresh.iyer@gmail.com',      'Chennai',    'Tamil Nadu',    '2023-09-01'),
(16, 'Kavya Krishnan',   'kavya.k@gmail.com',          'Coimbatore', 'Tamil Nadu',    '2023-09-15'),
(17, 'Mohit Agarwal',    'mohit.agarwal@gmail.com',    'Agra',       'Uttar Pradesh', '2023-10-03'),
(18, 'Nisha Bose',       'nisha.bose@gmail.com',       'Kolkata',    'West Bengal',   '2023-10-22'),
(19, 'Rahul Tiwari',     'rahul.tiwari@gmail.com',     'Bhopal',     'Madhya Pradesh','2023-11-07'),
(20, 'Simran Kaur',      'simran.kaur@gmail.com',      'Amritsar',   'Punjab',        '2023-11-25');

-- Orders (60 rows)
INSERT INTO orders (order_id, customer_id, order_date, total_amount, status, payment_mode) VALUES
(1001, 1,  '2024-01-05', 75000, 'completed', 'Credit Card'),
(1002, 2,  '2024-01-10', 22000, 'completed', 'UPI'),
(1003, 3,  '2024-01-15', 35000, 'pending',   'Net Banking'),
(1004, 4,  '2024-01-20', 18000, 'completed', 'Debit Card'),
(1005, 5,  '2024-01-25',  4500, 'completed', 'UPI'),
(1006, 1,  '2024-02-03',  5300, 'completed', 'Credit Card'),
(1007, 6,  '2024-02-08', 32000, 'completed', 'EMI'),
(1008, 7,  '2024-02-14', 12000, 'completed', 'UPI'),
(1009, 8,  '2024-02-20',  8500, 'completed', 'Debit Card'),
(1010, 2,  '2024-02-28', 22000, 'cancelled', 'UPI'),
(1011, 9,  '2024-03-05',  4500, 'completed', 'UPI'),
(1012, 10, '2024-03-10',  1200, 'completed', 'UPI'),
(1013, 3,  '2024-03-15', 75000, 'completed', 'Credit Card'),
(1014, 11, '2024-03-20', 18000, 'completed', 'Debit Card'),
(1015, 12, '2024-03-25',  3500, 'completed', 'UPI'),
(1016, 1,  '2024-04-02', 35000, 'completed', 'Credit Card'),
(1017, 13, '2024-04-08',  4200, 'completed', 'UPI'),
(1018, 14, '2024-04-12', 22000, 'completed', 'Net Banking'),
(1019, 5,  '2024-04-18',  1800, 'returned',  'UPI'),
(1020, 6,  '2024-04-25', 75000, 'completed', 'EMI'),
(1021, 15, '2024-05-03',  5999, 'completed', 'Credit Card'),
(1022, 16, '2024-05-09',  2499, 'completed', 'UPI'),
(1023, 7,  '2024-05-15',  4500, 'completed', 'UPI'),
(1024, 2,  '2024-05-20', 32000, 'completed', 'EMI'),
(1025, 17, '2024-05-28',  1099, 'completed', 'UPI'),
(1026, 8,  '2024-06-04',  4500, 'pending',   'Net Banking'),
(1027, 18, '2024-06-10', 12000, 'completed', 'Credit Card'),
(1028, 9,  '2024-06-16',  8500, 'completed', 'Debit Card'),
(1029, 19, '2024-06-22',  1800, 'completed', 'UPI'),
(1030, 20, '2024-06-28', 18000, 'completed', 'Net Banking'),
(1031, 3,  '2024-07-05', 22000, 'completed', 'Credit Card'),
(1032, 10, '2024-07-11',  4500, 'completed', 'UPI'),
(1033, 11, '2024-07-17', 75000, 'completed', 'EMI'),
(1034, 4,  '2024-07-23',  3500, 'completed', 'UPI'),
(1035, 12, '2024-07-29',  1200, 'completed', 'UPI'),
(1036, 13, '2024-08-04', 35000, 'completed', 'Credit Card'),
(1037, 14, '2024-08-10',  5999, 'completed', 'UPI'),
(1038, 1,  '2024-08-16', 22000, 'completed', 'Credit Card'),
(1039, 15, '2024-08-22',  2499, 'completed', 'UPI'),
(1040, 16, '2024-08-28',  4500, 'completed', 'UPI'),
(1041, 5,  '2024-09-03', 18000, 'completed', 'Debit Card'),
(1042, 6,  '2024-09-09',  1200, 'completed', 'UPI'),
(1043, 17, '2024-09-15', 75000, 'completed', 'Credit Card'),
(1044, 18, '2024-09-21', 12000, 'completed', 'Net Banking'),
(1045, 19, '2024-09-27',  8500, 'completed', 'UPI'),
(1046, 7,  '2024-10-03', 32000, 'completed', 'EMI'),
(1047, 20, '2024-10-09',  4200, 'completed', 'UPI'),
(1048, 2,  '2024-10-15',  5300, 'completed', 'Credit Card'),
(1049, 8,  '2024-10-21', 22000, 'completed', 'Debit Card'),
(1050, 9,  '2024-10-27', 35000, 'completed', 'Net Banking'),
(1051, 3,  '2024-11-02', 75000, 'completed', 'Credit Card'),
(1052, 10, '2024-11-08',  4500, 'completed', 'UPI'),
(1053, 11, '2024-11-14', 18000, 'completed', 'Net Banking'),
(1054, 12, '2024-11-20',  3500, 'completed', 'UPI'),
(1055, 1,  '2024-11-28', 22000, 'completed', 'Credit Card'),
(1056, 13, '2024-12-04', 32000, 'completed', 'EMI'),
(1057, 14, '2024-12-10', 75000, 'completed', 'Credit Card'),
(1058, 4,  '2024-12-16',  5999, 'completed', 'UPI'),
(1059, 15, '2024-12-22',  4500, 'completed', 'Debit Card'),
(1060, 16, '2024-12-28',  8500, 'completed', 'UPI');

-- Order Items (66 rows)
INSERT INTO order_items (item_id, order_id, product_id, quantity, unit_price) VALUES
(1, 1001, 1,  1, 75000),
(2, 1002, 2,  1, 22000),
(3, 1003, 3,  1, 35000),
(4, 1004, 9,  1, 18000),
(5, 1005, 5,  1,  4500),
(6, 1006, 6,  1,  3500),
(7, 1006, 7,  1,  1200),
(8, 1006, 18, 1,   599),
(9, 1007, 4,  1, 32000),
(10,1008, 11, 1, 12000),
(11,1009, 12, 1,  8500),
(12,1010, 2,  1, 22000),
(13,1011, 5,  1,  4500),
(14,1012, 7,  1,  1200),
(15,1013, 1,  1, 75000),
(16,1014, 9,  1, 18000),
(17,1015, 6,  1,  3500),
(18,1016, 3,  1, 35000),
(19,1017, 13, 1,  4200),
(20,1018, 2,  1, 22000),
(21,1019, 8,  1,  1800),
(22,1020, 1,  1, 75000),
(23,1021, 19, 1,  5999),
(24,1022, 20, 1,  2499),
(25,1023, 10, 1,  4500),
(26,1024, 4,  1, 32000),
(27,1025, 14, 1,   899),
(28,1025, 15, 1,   749),
(29,1026, 5,  1,  4500),
(30,1027, 11, 1, 12000),
(31,1028, 12, 1,  8500),
(32,1029, 8,  1,  1800),
(33,1030, 9,  1, 18000),
(34,1031, 2,  1, 22000),
(35,1032, 5,  1,  4500),
(36,1033, 1,  1, 75000),
(37,1034, 6,  1,  3500),
(38,1035, 7,  1,  1200),
(39,1036, 3,  1, 35000),
(40,1037, 19, 1,  5999),
(41,1038, 2,  1, 22000),
(42,1039, 20, 1,  2499),
(43,1040, 5,  1,  4500),
(44,1041, 9,  1, 18000),
(45,1042, 7,  1,  1200),
(46,1043, 1,  1, 75000),
(47,1044, 11, 1, 12000),
(48,1045, 12, 1,  8500),
(49,1046, 4,  1, 32000),
(50,1047, 13, 1,  4200),
(51,1048, 6,  1,  3500),
(52,1048, 18, 1,   599),
(53,1048, 17, 1,   599),
(54,1048, 7,  1,   599),
(55,1049, 2,  1, 22000),
(56,1050, 3,  1, 35000),
(57,1051, 1,  1, 75000),
(58,1052, 5,  1,  4500),
(59,1053, 9,  1, 18000),
(60,1054, 6,  1,  3500),
(61,1055, 2,  1, 22000),
(62,1056, 4,  1, 32000),
(63,1057, 1,  1, 75000),
(64,1058, 19, 1,  5999),
(65,1059, 5,  1,  4500),
(66,1060, 12, 1,  8500);

PRINT 'All data inserted successfully.';
